Date,Total Forecasted Volume,Over Capacity?
2022-12-29,2854.6603039084603,True
2022-12-30,2615.169890239443,True
2022-12-31,2657.268761297713,True
2023-01-01,2607.640316198517,True
2023-01-02,2659.687293771932,True
2023-01-03,2657.738685163282,True
2023-01-04,2528.9419780877815,True
2023-01-05,2687.043398691878,True
2023-01-06,2446.789295888181,True
2023-01-07,2492.3493898535853,True
2023-01-08,2450.2065437872575,True
2023-01-09,2513.463850634864,True
2023-01-10,2526.0595957401265,True
2023-01-11,2414.669935645556,True
2023-01-12,2592.5016963789553,True
2023-01-13,2373.708115083583,True
2023-01-14,2441.827875493194,True
2023-01-15,2422.6916843612335,True
2023-01-16,2508.7467386529484,True
2023-01-17,2543.2891841599067,True
2023-01-18,2452.3839394080073,True
2023-01-19,2648.673828213765,True
2023-01-20,2445.8104036873665,True
2023-01-21,2526.9064039938116,True
2023-01-22,2517.453719056366,True
2023-01-23,2609.6569025369117,True
2023-01-24,2646.6720757179564,True
2023-01-25,2554.5304117725573,True
2023-01-26,2745.9480326724824,True
2023-01-27,2534.7546681317885,True
2023-01-28,2604.341062681262,True
2023-01-29,2580.56913434282,True
2023-01-30,2656.095119131686,True
2023-01-31,2674.59581861589,True
2023-02-01,2562.677473447112,True
2023-02-02,2733.669484662267,True
2023-02-03,2502.035766619853,True
2023-02-04,2551.804185492243,True
2023-02-05,2509.4585754613713,True
2023-02-06,2568.24406318668,True
2023-02-07,2572.376308350804,True
2023-02-08,2448.9346545617996,True
2023-02-09,2611.641851639031,True
2023-02-10,2375.2635280804557,True
2023-02-11,2424.0282072052933,True
2023-02-12,2384.5126337878696,True
2023-02-13,2449.943343627892,True
2023-02-14,2464.405206977853,True
2023-02-15,2354.736980701859,True
2023-02-16,2534.316486641325,True
2023-02-17,2317.4684679273005,True
2023-02-18,2387.895709286931,True
2023-02-19,2371.577905325498,True
2023-02-20,2461.0888584229183,True
2023-02-21,2499.8223274327374,True
2023-02-22,2413.9061042980948,True
2023-02-23,2616.0064423498047,True
2023-02-24,2419.7553716794223,True
2023-02-25,2508.2009624331754,True
2023-02-26,2506.724500271557,True
2023-02-27,2607.374655350684,True
2023-02-28,2653.108498987607,True
2023-03-01,2569.718524001935,True
2023-03-02,2769.647429048933,True
2023-03-03,2566.422906569021,True
2023-03-04,2643.112275444886,True
2023-03-05,2625.2407851572825,True
2023-03-06,2705.1236216959096,True
2023-03-07,2726.1015063570635,True
2023-03-08,2614.459167875884,True
2023-03-09,2783.2286570466495,True
2023-03-10,2546.610031430911,True
2023-03-11,2588.409610839746,True
2023-03-12,2534.940052154756,True
2023-03-13,2228.475070305216,True
2023-03-14,2181.185357921357,True
2023-03-15,2053.839921429337,True
2023-03-16,2219.3070616537057,True
2023-03-17,1982.8060205818458,False
2023-03-18,2013.8530134503915,True
2023-03-19,1704.5818688572283,False
2023-03-20,1742.0366058970847,False
2023-03-21,1656.5535589594335,False
2023-03-22,1592.7545913343963,False
2023-03-23,1532.626347449292,False
2023-03-24,1358.851574387194,False
2023-03-25,1222.7736953720882,False
2023-03-26,826.0526850227152,False
2023-03-27,847.314495366488,False
2023-03-28,528.4491436989811,False
